First_Name,Last_Name,Unique_ID,24_id,23_id,22_id,Understat_ID,Full_Name
Fábio,Ferreira Vieira,1,1,4,25,11007,Fábio Ferreira Vieira
Gabriel,Fernando de Jesus,2,2,8,28,5543,Gabriel Fernando de Jesus
Gabriel,dos Santos Magalhães,3,3,5,16,5613,Gabriel dos Santos Magalhães
Kai,Havertz,4,4,6,145,5220,Kai Havertz
Karl,Hein,5,5,646,655,,Karl Hein
Jurriën,Timber,6,6,585,-1,11707,Jurriën Timber
Jorge Luiz,Frello Filho,7,7,9,130,1389,Jorge Luiz Frello Filho
Jakub,Kiwior,8,8,10,710,10012,Jakub Kiwior
Gabriel,Martinelli Silva,9,9,12,19,7752,Gabriel Martinelli Silva
Ethan,Nwaneri,12,12,772,630,11132,Ethan Nwaneri
Martin,Ødegaard,13,13,14,7,2517,Martin Ødegaard
David,Raya Martin,15,15,113,81,9676,David Raya Martin
Declan,Rice,16,16,540,467,5553,Declan Rice
Bukayo,Saka,17,17,19,13,7322,Bukayo Saka
William,Saliba,18,18,20,26,6888,William Saliba
Thomas,Partey,20,20,15,6,2328,Thomas Partey
Kieran,Tierney,21,21,24,8,8089,Kieran Tierney
Tomiyasu,Takehiro,22,22,25,14,7931,Tomiyasu Takehiro
Leandro,Trossard,23,23,26,111,7698,Leandro Trossard
Benjamin,White,24,24,29,10,7298,Benjamin White
Oleksandr,Zinchenko,25,25,31,313,2958,Oleksandr Zinchenko
Norberto,Murara Neto,73,73,77,574,1297,Norberto Murara Neto
Raheem,Sterling,186,186,216,304,618,Raheem Sterling
Riccardo,Calafiori,578,578,-1,-1,8129,Riccardo Calafiori
Myles,Lewis-Skelly,597,597,764,-1,12272,Myles Lewis-Skelly
Mikel,Merino,633,633,-1,-1,5304,Mikel Merino
Salah-Eddine,Oulad M'hand,638,638,-1,-1,,Salah-Eddine Oulad M'hand
Tommy,Setford,639,639,-1,-1,,Tommy Setford
Maldini,Kacurri,657,657,-1,-1,,Maldini Kacurri
Ayden,Heaven,658,658,-1,-1,,Ayden Heaven
Ismeal,Kabia,659,659,-1,-1,,Ismeal Kabia
Josh,Nichols,662,662,-1,-1,,Josh Nichols
Nathan,Butler-Oyedeji,665,665,-1,685,,Nathan Butler-Oyedeji
Leon,Bailey,28,28,34,45,5221,Leon Bailey
Ross,Barkley,29,29,630,131,592,Ross Barkley
Enzo,Barrenechea,30,30,-1,-1,,Enzo Barrenechea
Emiliano,Buendía Stati,31,31,35,42,2203,Emiliano Buendía Stati
Matty,Cash,32,32,36,43,8864,Matty Cash
Leander,Dendoncker,33,33,40,479,7236,Leander Dendoncker
Moussa,Diaby,34,34,599,-1,6556,Moussa Diaby
Diego Carlos,Santos Silva,35,35,41,50,5712,Diego Carlos Santos Silva
Lucas,Digne,36,36,42,33,1823,Lucas Digne
Lewis,Dobbin,37,37,624,-1,10027,Lewis Dobbin
Jhon,Durán,38,38,44,711,11366,Jhon Durán
Joe,Gauci,39,39,818,-1,,Joe Gauci
Kortney,Hause,40,40,45,38,6859,Kortney Hause
Samuel,Iling-Junior,41,41,-1,-1,,Samuel Iling-Junior
Boubacar,Kamara,42,42,47,53,5789,Boubacar Kamara
Kaine,Kesler-Hayden,43,43,793,537,9409,Kaine Kesler-Hayden
Ezri,Konsa Ngoyo,44,44,48,44,7726,Ezri Konsa Ngoyo
Ian,Maatsen,45,45,609,-1,11807,Ian Maatsen
Filip,Marschall,46,46,670,670,,Filip Marschall
Emiliano,Martínez Romero,47,47,49,31,4401,Emiliano Martínez Romero
John,McGinn,48,48,50,37,7723,John McGinn
Tyrone,Mings,49,49,51,39,1024,Tyrone Mings
Kosta,Nedeljković,50,50,-1,-1,12775,Kosta Nedeljković
Robin,Olsen,51,51,53,35,6962,Robin Olsen
Pau,Torres,52,52,584,-1,6221,Pau Torres
Jacob,Ramsey,53,53,55,47,8941,Jacob Ramsey
Morgan,Rogers,54,54,803,-1,12412,Morgan Rogers
Viljami,Sinisalo,55,55,57,707,,Viljami Sinisalo
Lino,da Cruz Sousa,56,56,-1,631,,Lino da Cruz Sousa
Youri,Tielemans,57,57,58,259,5956,Youri Tielemans
Ollie,Watkins,58,58,60,40,8865,Ollie Watkins
Amadou,Onana,233,233,261,577,9667,Amadou Onana
Lamare,Bogarde,598,598,-1,638,10025,Lamare Bogarde
Sil,Swinkels,640,640,-1,744,,Sil Swinkels
Oliwier,Zych,641,641,686,745,,Oliwier Zych
Kadan,Young,656,656,865,672,,Kadan Young
Ben,Broggio,679,679,-1,-1,,Ben Broggio
Jamaldeen,Jimoh,710,710,-1,-1,,Jamaldeen Jimoh
Donyell,Malen,725,725,-1,-1,,Donyell Malen
Max,Aarons,59,59,643,-1,7688,Max Aarons
Tyler,Adams,60,60,673,506,7352,Tyler Adams
Jaidon,Anthony,61,61,62,75,10746,Jaidon Anthony
David,Brooks,62,62,64,60,6820,David Brooks
Ryan,Christie,63,63,65,69,10744,Ryan Christie
Lewis,Cook,64,64,66,67,1789,Lewis Cook
Enes,Ünal,65,65,804,-1,6219,Enes Ünal
Romain,Faivre,66,66,799,-1,6420,Romain Faivre
Hamed,Traorè,67,67,87,723,6986,Hamed Traorè
James,Hill,68,68,69,539,10747,James Hill
Daniel,Jebbison,69,69,483,-1,9509,Daniel Jebbison
Milos,Kerkez,70,70,595,-1,11709,Milos Kerkez
Justin,Kluivert,71,71,72,-1,6963,Justin Kluivert
Chris,Mepham,72,72,75,71,7384,Chris Mepham
Dango,Ouattara,74,74,78,705,9662,Dango Ouattara
Alex,Paulsen,75,75,-1,-1,,Alex Paulsen
Philip,Billing,76,76,63,70,6034,Philip Billing
Alex,Scott,77,77,644,-1,12149,Alex Scott
Antoine,Semenyo,78,78,82,714,11363,Antoine Semenyo
Marcos,Senesi,79,79,83,576,10864,Marcos Senesi
Luis,Sinisterra,80,80,705,508,10866,Luis Sinisterra
Adam,Smith,81,81,84,57,825,Adam Smith
Marcus,Tavernier,83,83,86,535,10741,Marcus Tavernier
Mark,Travers,84,84,88,72,7582,Mark Travers
Illia,Zabarnyi,85,85,89,722,11486,Illia Zabarnyi
Kepa,Arrizabalaga,152,152,187,133,5061,Kepa Arrizabalaga
Dean,Huijsen,580,580,-1,-1,11943,Dean Huijsen
Julián,Araujo Zúñiga,592,592,-1,-1,11745,Julián Araujo Zúñiga
Will,Dennis,599,599,-1,77,,Will Dennis
Francisco Evanilson,de Lima Barbosa,617,617,-1,-1,12963,Francisco Evanilson de Lima Barbosa
Max,Kinsey,680,680,802,738,,Max Kinsey
Ben,Winterburn,687,687,-1,-1,13242,Ben Winterburn
Archie,Harris,702,702,-1,-1,,Archie Harris
Remy,Rees-Dottin,707,707,-1,-1,,Remy Rees-Dottin
Matai,Akinmboni,712,712,-1,-1,,Matai Akinmboni
Julio,Soler,713,713,-1,-1,,Julio Soler
Daniel,Adu-Adjei,722,722,-1,695,,Daniel Adu-Adjei
Dominic,Sadi,723,723,811,697,11300,Dominic Sadi
Kristoffer,Ajer,86,86,90,84,9677,Kristoffer Ajer
Ethan,Brierley,87,87,684,-1,,Ethan Brierley
Nathan,Collins,88,88,96,516,9733,Nathan Collins
Mikkel,Damsgaard,89,89,98,580,8859,Mikkel Damsgaard
Josh,Dasilva,90,90,99,83,10405,Josh Dasilva
Mark,Flekken,91,91,101,-1,7047,Mark Flekken
Rico,Henry,92,92,103,85,9679,Rico Henry
Aaron,Hickey,93,93,104,510,8942,Aaron Hickey
Vitaly,Janelt,94,94,105,86,9680,Vitaly Janelt
Mathias,Jensen,95,95,106,88,7166,Mathias Jensen
Kim,Ji-soo,96,96,-1,-1,,Kim Ji-soo
Yunus Emre,Konak,97,97,864,-1,12633,Yunus Emre Konak
Keane,Lewis-Potter,98,98,107,515,10809,Keane Lewis-Potter
Bryan,Mbeumo,99,99,108,95,6552,Bryan Mbeumo
Ben,Mee,100,100,109,526,1654,Ben Mee
Christian,Nørgaard,101,101,110,79,7083,Christian Nørgaard
Frank,Onyeka,102,102,111,93,9681,Frank Onyeka
Myles,Peart-Harris,103,103,744,-1,10205,Myles Peart-Harris
Ethan,Pinnock,104,104,112,92,9678,Ethan Pinnock
Mads,Roerslev Rasmussen,105,105,114,90,9685,Mads Roerslev Rasmussen
Kevin,Schade,106,106,115,688,9156,Kevin Schade
Igor Thiago,Nascimento Rodrigues,107,107,-1,-1,,Igor Thiago Nascimento Rodrigues
Ivan,Toney,108,108,117,80,998,Ivan Toney
Hákon,Valdimarsson,109,109,789,-1,12595,Hákon Valdimarsson
Yoane,Wissa,110,110,119,89,5786,Yoane Wissa
Yehor,Yarmoliuk,111,111,120,650,11772,Yehor Yarmoliuk
Mathias,Jorgensen,112,112,121,595,6030,Mathias Jorgensen
Fábio,Freitas Gouveia Carvalho,314,314,-1,296,9501,Fábio Freitas Gouveia Carvalho
Sepp,van den Berg,338,338,312,500,10721,Sepp van den Berg
Ryan,Trevitt,602,602,118,632,11146,Ryan Trevitt
Gustavo,Nunes Fernandes Gomes,634,634,-1,-1,,Gustavo Nunes Fernandes Gomes
Jayden,Meghoma,649,649,-1,-1,13067,Jayden Meghoma
Tony,Yogane,661,661,-1,-1,,Tony Yogane
Paris,Maghoma,674,674,-1,-1,10053,Paris Maghoma
Benjamin,Arthur,705,705,834,-1,,Benjamin Arthur
Simon,Adingra,113,113,122,-1,11710,Simon Adingra
Benicio,Baker-Boaitey,114,114,742,-1,12204,Benicio Baker-Boaitey
Carlos,Baleba,115,115,690,-1,10527,Carlos Baleba
Valentín,Barco,116,116,816,-1,12498,Valentín Barco
Amario,Cozier-Duberry,118,118,-1,668,,Amario Cozier-Duberry
Mahmoud,Dahoud,119,119,128,-1,205,Mahmoud Dahoud
Lewis,Dunk,120,120,129,106,6048,Lewis Dunk
Julio,Enciso,121,121,130,125,11058,Julio Enciso
Pervis,Estupiñán,122,122,131,586,5136,Pervis Estupiñán
Evan,Ferguson,123,123,132,596,10177,Evan Ferguson
Billy,Gilmour,124,124,133,149,7988,Billy Gilmour
Pascal,Groß,125,125,134,104,239,Pascal Groß
Jack,Hinshelwood,126,126,621,677,11269,Jack Hinshelwood
Ibrahim,Osman,127,127,-1,-1,,Ibrahim Osman
Igor Julio,dos Santos de Paulo,128,128,606,-1,7943,Igor Julio dos Santos de Paulo
João Pedro,Junqueira de Jesus,129,129,135,-1,8272,João Pedro Junqueira de Jesus
Kacper,Kozłowski,130,130,137,126,,Kacper Kozłowski
Tariq,Lamptey,131,131,139,114,8226,Tariq Lamptey
Solly,March,132,132,140,107,6049,Solly March
Adrian,Mazilu,133,133,-1,-1,,Adrian Mazilu
James,Milner,134,134,142,274,489,James Milner
Yankuba,Minteh,135,135,-1,-1,12759,Yankuba Minteh
Mitoma,Kaoru,136,136,143,124,10806,Mitoma Kaoru
Jakub,Moder,137,137,144,117,9284,Jakub Moder
Mark,O’Mahony,138,138,741,-1,12205,Mark O’Mahony
Odeluga,Offiah,139,139,845,736,10453,Odeluga Offiah
Cameron,Peupion,140,140,786,762,11544,Cameron Peupion
Jeremy,Sarmiento Morante,141,141,146,119,10036,Jeremy Sarmiento Morante
Jason,Steele,142,142,148,102,7235,Jason Steele
Deniz,Undav,143,143,149,123,10804,Deniz Undav
Jan Paul,van Hecke,144,144,150,544,10807,Jan Paul van Hecke
Joël,Veltman,145,145,151,109,8780,Joël Veltman
Bart,Verbruggen,146,146,152,-1,11711,Bart Verbruggen
Adam,Webster,147,147,153,108,7699,Adam Webster
Danny,Welbeck,148,148,154,103,501,Danny Welbeck
Mats,Wieffer,149,149,-1,-1,12758,Mats Wieffer
Brajan,Gruda,595,595,-1,-1,11310,Brajan Gruda
Yasin,Ayari,600,600,124,719,11385,Yasin Ayari
Andrew,Moran,601,601,-1,651,11193,Andrew Moran
Carl,Rushworth,615,615,-1,-1,,Carl Rushworth
Georginio,Rutter,618,618,-1,700,6937,Georginio Rutter
Ferdi,Kadioglu,628,628,-1,-1,13066,Ferdi Kadioglu
Matt,O'Riley,629,629,-1,-1,13206,Matt O'Riley
Imari,Samuels,663,663,-1,765,,Imari Samuels
Killian,Cahill,668,668,-1,-1,,Killian Cahill
Ruairi,McConville,681,681,-1,-1,,Ruairi McConville
Jacob,Slater,685,685,-1,-1,,Jacob Slater
Diego,Gómez,714,714,-1,-1,,Diego Gómez
Andrey,Nascimento dos Santos,150,150,186,702,11808,Andrey Nascimento dos Santos
Ângelo Gabriel,Borges Damaceno,151,151,589,-1,5613,Ângelo Gabriel Borges Damaceno
Benoît,Badiashile,153,153,191,689,7240,Benoît Badiashile
Lucas,Bergström,154,154,659,-1,,Lucas Bergström
Marcus,Bettinelli,155,155,192,635,,Marcus Bettinelli
Moisés,Caicedo Corozo,157,157,126,120,9453,Moisés Caicedo Corozo
Cesare,Casadei,158,158,791,-1,10433,Cesare Casadei
Trevoh,Chalobah,159,159,194,141,6615,Trevoh Chalobah
Ben,Chilwell,160,160,195,139,782,Ben Chilwell
Carney,Chukwuemeka,161,161,196,48,9356,Carney Chukwuemeka
Levi,Colwill,162,162,197,559,10805,Levi Colwill
Marc,Cucurella Saseta,163,163,198,112,7134,Marc Cucurella Saseta
David Datro,Fofana,164,164,200,684,11295,David Datro Fofana
Deivid Washington,de Souza Eugênio,165,165,677,-1,12033,Deivid Washington de Souza Eugênio
Kiernan,Dewsbury-Hall,166,166,-1,266,9739,Kiernan Dewsbury-Hall
Axel,Disasi,167,167,611,-1,6885,Axel Disasi
Enzo,Fernández,168,168,199,724,11356,Enzo Fernández
Conor,Gallagher,169,169,202,148,9040,Conor Gallagher
Alfie,Gilchrist,170,170,716,775,11595,Alfie Gilchrist
Malo,Gusto,171,171,203,-1,9017,Malo Gusto
Reece,James,172,172,206,146,8067,Reece James
Omari,Kellyman,173,173,618,-1,11739,Omari Kellyman
Roméo,Lavia,174,174,667,321,10004,Roméo Lavia
Romelu,Lukaku Bolingoli,175,175,207,-1,,Romelu Lukaku Bolingoli
Malang,Sarr,176,176,214,143,5648,Malang Sarr
Noni,Madueke,177,177,208,708,11357,Noni Madueke
Marc,Guiu Paz,178,178,-1,-1,11633,Marc Guiu Paz
Mykhailo,Mudryk,179,179,210,699,11305,Mykhailo Mudryk
Nicolas,Jackson,180,180,211,-1,10048,Nicolas Jackson
Christopher,Nkunku,181,181,212,-1,3300,Christopher Nkunku
Cole,Palmer,182,182,362,316,8497,Cole Palmer
Đorđe,Petrović,183,183,687,-1,12032,Đorđe Petrović
Renato,Palma Veiga,184,184,-1,-1,11383,Renato Palma Veiga
Robert,Sánchez,185,185,145,113,9098,Robert Sánchez
Tosin,Adarabioyo,187,187,286,209,5590,Tosin Adarabioyo
Wesley,Fofana,189,189,201,272,7589,Wesley Fofana
Jadon,Sancho,386,386,397,340,6345,Jadon Sancho
Pedro,Lomba Neto,560,560,567,486,6382,Pedro Lomba Neto
Caleb,Wiley,575,575,-1,-1,,Caleb Wiley
Filip,Jørgensen,581,581,-1,-1,9272,Filip Jørgensen
João,Félix Sequeira,621,621,-1,690,7892,João Félix Sequeira
Samuel,Rak-Sakyi,695,695,-1,-1,,Samuel Rak-Sakyi
Tyrique,George,696,696,851,-1,,Tyrique George
Josh,Acheampong,697,697,838,-1,12535,Josh Acheampong
Eddie,Nketiah,11,11,13,11,6482,Eddie Nketiah
Naouirou,Ahamada,190,190,219,725,9274,Naouirou Ahamada
Cheick,Doucouré,193,193,223,514,8666,Cheick Doucouré
Chris,Richards,194,194,238,530,8430,Chris Richards
Chadi,Riad Dnanou,195,195,-1,-1,11167,Chadi Riad Dnanou
Nathaniel,Clyne,196,196,222,157,603,Nathaniel Clyne
Malcolm,Ebiowei,197,197,224,173,10698,Malcolm Ebiowei
Eberechi,Eze,199,199,226,169,8706,Eberechi Eze
Marc,Guéhi,200,200,228,167,7603,Marc Guéhi
Dean,Henderson,201,201,385,398,7702,Dean Henderson
Rob,Holding,202,202,7,5,1749,Rob Holding
Will,Hughes,203,203,229,163,6104,Will Hughes
Daichi,Kamada,205,205,-1,-1,6145,Daichi Kamada
Jefferson,Lerma Solís,206,206,231,64,2182,Jefferson Lerma Solís
Jean-Philippe,Mateta,207,207,232,168,5735,Jean-Philippe Mateta
Matheus,França de Oliveira,208,208,615,-1,12152,Matheus França de Oliveira
Remi,Matthews,209,209,233,495,9834,Remi Matthews
Tyrick,Mitchell,210,210,234,170,8214,Tyrick Mitchell
Daniel,Muñoz,211,211,792,-1,12408,Daniel Muñoz
David,Ozoh,212,212,721,676,11268,David Ozoh
Jesurun,Rak-Sakyi,213,213,657,172,9461,Jesurun Rak-Sakyi
Jeffrey,Schlupp,214,214,240,161,757,Jeffrey Schlupp
Joel,Ward,215,215,242,156,510,Joel Ward
Adam,Wharton,216,216,807,-1,12409,Adam Wharton
Matt,Turner,445,445,28,24,10700,Matt Turner
Ismaïla,Sarr,585,585,-1,-1,5675,Ismaïla Sarr
Franco,Umeh-Chibueze,644,644,821,-1,,Franco Umeh-Chibueze
Justin,Devenny,645,645,-1,-1,13038,Justin Devenny
Asher,Agbinone,646,646,-1,-1,13039,Asher Agbinone
Kaden,Rodney,647,647,825,601,,Kaden Rodney
Maxence,Lacroix,650,650,-1,-1,8853,Maxence Lacroix
Caleb,Kporha,666,666,-1,-1,13130,Caleb Kporha
Zach,Marsh,676,676,-1,-1,,Zach Marsh
Armando,Broja,156,156,193,150,8384,Armando Broja
Abdoulaye,Doucouré,217,217,249,185,1726,Abdoulaye Doucouré
Norberto Bercique,Gomes Betuncal,218,218,691,-1,9983,Norberto Bercique Gomes Betuncal
Jarrad,Branthwaite,219,219,245,196,8476,Jarrad Branthwaite
Dominic,Calvert-Lewin,220,220,246,191,5555,Dominic Calvert-Lewin
Séamus,Coleman,221,221,247,178,585,Séamus Coleman
Idrissa,Gueye,222,222,254,611,668,Idrissa Gueye
James,Garner,223,223,250,570,7438,James Garner
Jack,Harrison,224,224,661,233,8720,Jack Harrison
Mason,Holgate,225,225,255,192,985,Mason Holgate
Tim,Iroegbunam,226,226,46,49,9554,Tim Iroegbunam
João,Neves Virgínia,227,227,266,-1,,João Neves Virgínia
Michael,Keane,228,228,257,180,1653,Michael Keane
Neal,Maupay,229,229,258,110,3621,Neal Maupay
Dwight,McNeil,230,230,259,534,6756,Dwight McNeil
Vitalii,Mykolenko,231,231,260,194,10291,Vitalii Mykolenko
Iliman,Ndiaye,232,232,486,-1,9307,Iliman Ndiaye
Nathan,Patterson,234,234,262,197,10292,Nathan Patterson
Jordan,Pickford,235,235,263,182,741,Jordan Pickford
James,Tarkowski,236,236,265,199,1665,James Tarkowski
Youssef,Ramalho Chermiti,237,237,645,-1,11984,Youssef Ramalho Chermiti
Ashley,Young,238,238,588,538,631,Ashley Young
Jesper,Lindstrøm,577,577,-1,-1,9752,Jesper Lindstrøm
Jake,O'Brien,582,582,235,-1,12014,Jake O'Brien
Harrison,Armstrong,603,603,-1,-1,12757,Harrison Armstrong
Jenson,Metcalfe,614,614,760,-1,,Jenson Metcalfe
Asmir,Begovic,624,624,-1,176,694,Asmir Begovic
Roman,Dixon,627,627,-1,-1,12946,Roman Dixon
Orel,Mangala,651,651,453,536,6088,Orel Mangala
Callum,Bates,678,678,-1,-1,,Callum Bates
Martin,Sherif,724,724,-1,-1,,Martin Sherif
Reiss,Nelson,10,10,578,23,6492,Reiss Nelson
Emile,Smith Rowe,19,19,22,12,7230,Emile Smith Rowe
Joachim,Andersen,191,191,220,165,6314,Joachim Andersen
Adama,Traoré,239,239,662,491,900,Adama Traoré
Andreas,Hoelgebaum Pereira,240,240,267,346,922,Andreas Hoelgebaum Pereira
Calvin,Bassey,241,241,610,-1,11728,Calvin Bassey
Steven,Benda,242,242,692,-1,,Steven Benda
Tom,Cairney,243,243,268,200,6835,Tom Cairney
Timothy,Castagne,244,244,688,258,6157,Timothy Castagne
Issa,Diop,245,245,271,470,3203,Issa Diop
Luke,Harris,246,246,683,546,10719,Luke Harris
Alex,Iwobi,247,247,256,186,500,Alex Iwobi
Bernd,Leno,248,248,275,2,181,Bernd Leno
Saša,Lukić,249,249,276,726,1537,Saša Lukić
Kevin,Mbabu,250,250,277,532,983,Kevin Mbabu
Rodrigo,Muniz Carvalho,251,251,279,218,10717,Rodrigo Muniz Carvalho
Raúl,Jiménez,252,252,558,476,4105,Raúl Jiménez
Tim,Ream,253,253,281,201,7184,Tim Ream
Harrison,Reed,254,254,282,211,910,Harrison Reed
Antonee,Robinson,255,255,283,217,8940,Antonee Robinson
Jay,Stansfield,256,256,651,219,10718,Jay Stansfield
Kenny,Tete,257,257,285,215,5973,Kenny Tete
Carlos Vinícius,Alves Morais,258,258,287,618,7395,Carlos Vinícius Alves Morais
Harry,Wilson,259,259,288,212,5596,Harry Wilson
Ryan,Sessegnon,579,579,514,436,6837,Ryan Sessegnon
Jorge,Cuenca Barreno,586,586,-1,-1,8489,Jorge Cuenca Barreno
Josh,King,604,604,-1,-1,12410,Josh King
Martial,Godo,605,605,-1,641,11164,Martial Godo
Sander,Berge,622,622,475,-1,8285,Sander Berge
Samuel,Amissah,690,690,-1,-1,,Samuel Amissah
Ali,Al-Hamadi,260,260,-1,-1,12751,Ali Al-Hamadi
Elkan,Baggott,261,261,-1,-1,,Elkan Baggott
Nathan,Broadhead,262,262,-1,-1,9406,Nathan Broadhead
Cameron,Burgess,263,263,-1,-1,12755,Cameron Burgess
Wes,Burns,264,264,-1,-1,12749,Wes Burns
Conor,Chaplin,265,265,-1,-1,12750,Conor Chaplin
Harry,Clarke,266,266,-1,-1,13133,Harry Clarke
Leif,Davis,267,267,-1,-1,8919,Leif Davis
Liam,Delap,268,268,-1,323,8868,Liam Delap
George,Edmundson,269,269,-1,-1,12947,George Edmundson
Jacob,Greaves,270,270,-1,-1,12745,Jacob Greaves
Marcus,Myers-Harness,271,271,-1,-1,,Marcus Myers-Harness
George,Hirst,272,272,-1,-1,8563,George Hirst
Cameron,Humphreys,273,273,-1,-1,,Cameron Humphreys
Omari,Giraud-Hutchinson,274,274,-1,653,10348,Omari Giraud-Hutchinson
Ben,Johnson,275,275,536,471,6424,Ben Johnson
Freddie,Ladapo,276,276,-1,-1,,Freddie Ladapo
Massimo,Luongo,277,277,-1,-1,12747,Massimo Luongo
Sam,Morsy,278,278,-1,-1,12748,Sam Morsy
Corrie,Ndaba,279,279,-1,-1,,Corrie Ndaba
Cieran,Slicker,280,280,-1,-1,,Cieran Slicker
Jack,Taylor,281,281,-1,-1,12754,Jack Taylor
Axel,Tuanzebe,282,282,-1,-1,934,Axel Tuanzebe
Christian,Walton,283,283,-1,-1,9251,Christian Walton
Luke,Woolfenden,284,284,-1,-1,12746,Luke Woolfenden
Kalvin,Phillips,359,359,364,325,8719,Kalvin Phillips
Arijanet,Muric,568,568,172,-1,7027,Arijanet Muric
Jaden,Philogene,569,569,54,55,9415,Jaden Philogene
Conor,Townsend,583,583,-1,-1,8905,Conor Townsend
Sam,Szmodics,611,611,-1,-1,12752,Sam Szmodics
Jens,Cajuste,619,619,-1,-1,10301,Jens Cajuste
Dara,O'Shea,630,630,173,-1,8756,Dara O'Shea
Jack,Clarke,631,631,-1,-1,13019,Jack Clarke
Chiedozie,Ogbene,632,632,328,-1,11719,Chiedozie Ogbene
Ben,Godfrey,715,715,252,193,7689,Ben Godfrey
Facundo,Buonanotte,117,117,125,679,11362,Facundo Buonanotte
Jordan,Ayew,192,192,221,159,672,Jordan Ayew
Odsonne,Edouard,198,198,225,166,3697,Odsonne Edouard
Boubakary,Soumaré,285,285,-1,269,6310,Boubakary Soumaré
Tom,Cannon,286,286,649,662,11232,Tom Cannon
Hamza,Choudhury,287,287,-1,263,6418,Hamza Choudhury
Conor,Coady,288,288,-1,475,6851,Conor Coady
Patson,Daka,289,289,-1,271,9738,Patson Daka
Bobby,De Cordova-Reid,290,290,270,205,6827,Bobby De Cordova-Reid
Wout,Faes,291,291,-1,612,8646,Wout Faes
Michael,Golding,292,292,-1,-1,,Michael Golding
Mads,Hermansen,293,293,-1,-1,12910,Mads Hermansen
Daniel,Iversen,294,294,-1,548,10808,Daniel Iversen
James,Justin,295,295,-1,268,7753,James Justin
Victor,Kristiansen,296,296,-1,709,11367,Victor Kristiansen
Wanya,Marçal-Madivádua,297,297,-1,735,,Wanya Marçal-Madivádua
Stephy,Mavididi,298,298,-1,-1,7484,Stephy Mavididi
Kasey,McAteer,299,299,-1,687,10166,Kasey McAteer
Wilfred,Ndidi,300,300,-1,265,5545,Wilfred Ndidi
Caleb,Okoli,301,301,-1,-1,7333,Caleb Okoli
Ricardo,Barbosa Pereira,302,302,-1,256,3303,Ricardo Barbosa Pereira
Harry,Souttar,303,303,-1,727,6329,Harry Souttar
Jakub,Stolarczyk,304,304,-1,-1,13301,Jakub Stolarczyk
Luke,Thomas,305,305,693,270,8562,Luke Thomas
Jamie,Vardy,306,306,-1,255,755,Jamie Vardy
Jannik,Vestergaard,307,307,-1,253,111,Jannik Vestergaard
Danny,Ward,308,308,-1,254,473,Danny Ward
Harry,Winks,309,309,-1,434,971,Harry Winks
Oliver,Skipp,501,501,515,441,7198,Oliver Skipp
Abdul,Fatawu,570,570,-1,-1,12911,Abdul Fatawu
Will,Alves,606,606,-1,-1,13302,Will Alves
Ben,Nelson,616,616,-1,-1,,Ben Nelson
Bilal,El Khannouss,635,635,-1,-1,13020,Bilal El Khannouss
Henry,Cartwright,694,694,-1,-1,,Henry Cartwright
Thomas,Wilson-Brown,708,708,-1,-1,,Thomas Wilson-Brown
Woyo,Coulibaly,726,726,-1,-1,,Woyo Coulibaly
Alisson,Ramses Becker,310,310,291,281,1257,Alisson Ramses Becker
Trent,Alexander-Arnold,311,311,290,285,1791,Trent Alexander-Arnold
Stefan,Bajčetić Maquieira,312,312,292,564,10723,Stefan Bajčetić Maquieira
Conor,Bradley,313,313,757,-1,10120,Conor Bradley
Bobby,Clark,315,315,627,584,10997,Bobby Clark
Darwin,Núñez Ribeiro,316,316,293,297,10720,Darwin Núñez Ribeiro
Diogo,Teixeira da Silva,317,317,294,288,6854,Diogo Teixeira da Silva
Ben,Doak,318,318,628,665,11231,Ben Doak
Harvey,Elliott,319,319,295,294,7546,Harvey Elliott
Endo,Wataru,320,320,668,-1,8808,Endo Wataru
Cody,Gakpo,321,321,297,680,11296,Cody Gakpo
Joe,Gomez,322,322,298,286,987,Joe Gomez
Ryan,Gravenberch,323,323,708,-1,10697,Ryan Gravenberch
Curtis,Jones,324,324,300,291,6665,Curtis Jones
Caoimhin,Kelleher,325,325,301,289,7904,Caoimhin Kelleher
Ibrahima,Konaté,326,326,302,290,6326,Ibrahima Konaté
Luis,Díaz,327,327,303,293,10408,Luis Díaz
Mohamed,Salah,328,328,308,283,1250,Mohamed Salah
Alexis,Mac Allister,329,329,304,116,8379,Alexis Mac Allister
James,McConnell,330,330,629,-1,11811,James McConnell
Tyler,Morton,331,331,-1,-1,,Tyler Morton
Nathaniel,Phillips,332,332,306,501,8228,Nathaniel Phillips
Jarell,Quansah,333,333,626,-1,10187,Jarell Quansah
Rhys,Williams,334,334,-1,498,,Rhys Williams
Andrew,Robertson,335,335,307,284,1688,Andrew Robertson
Dominik,Szoboszlai,336,336,309,-1,9788,Dominik Szoboszlai
Konstantinos,Tsimikas,337,337,311,292,8852,Konstantinos Tsimikas
Virgil,van Dijk,339,339,313,280,833,Virgil van Dijk
Federico,Chiesa,636,636,-1,-1,1433,Federico Chiesa
Vítezslav,Jaros,660,660,-1,-1,13103,Vítezslav Jaros
Harvey,Davies,669,669,-1,592,,Harvey Davies
Treymaurice,Nyoni,688,688,743,-1,,Treymaurice Nyoni
Amara,Nallo,692,692,837,-1,,Amara Nallo
Jayden,Danns,709,709,824,-1,12455,Jayden Danns
Manuel,Akanji,340,340,341,610,6490,Manuel Akanji
Nathan,Aké,341,341,342,308,579,Nathan Aké
Bernardo,Veiga de Carvalho e Silva,342,342,344,311,3635,Bernardo Veiga de Carvalho e Silva
Oscar,Bobb,343,343,345,-1,11903,Oscar Bobb
Scott,Carson,344,344,347,502,,Scott Carson
Kevin,De Bruyne,345,345,349,301,447,Kevin De Bruyne
Jérémy,Doku,346,346,678,-1,8981,Jérémy Doku
Ederson,Santana de Moraes,347,347,352,307,6054,Ederson Santana de Moraes
Phil,Foden,348,348,353,314,6055,Phil Foden
Jack,Grealish,349,349,354,305,675,Jack Grealish
Joško,Gvardiol,350,350,616,-1,9790,Joško Gvardiol
Erling,Haaland,351,351,355,318,8260,Erling Haaland
Julián,Álvarez,352,352,343,319,10846,Julián Álvarez
João,Cavaco Cancelo,353,353,346,306,2379,João Cavaco Cancelo
Mateo,Kovačić,354,354,356,132,2254,Mateo Kovačić
Rico,Lewis,355,355,358,573,10847,Rico Lewis
Matheus Luiz,Nunes,356,356,566,589,11000,Matheus Luiz Nunes
James,McAtee,357,357,360,317,10126,James McAtee
Stefan,Ortega Moreno,358,358,361,324,8786,Stefan Ortega Moreno
Rodrigo 'Rodri',Hernandez,360,360,365,315,2496,Rodrigo 'Rodri' Hernandez
Rúben,Gato Alves Dias,361,361,350,312,8961,Rúben Gato Alves Dias
John,Stones,362,362,368,302,586,John Stones
Kyle,Walker,363,363,369,299,638,Kyle Walker
Sávio 'Savinho',Moreira de Oliveira,571,571,-1,-1,11735,Sávio 'Savinho' Moreira de Oliveira
Nico,O'Reilly,607,607,-1,774,,Nico O'Reilly
Ilkay,Gündogan,625,625,-1,300,314,Ilkay Gündogan
Issa,Kaboré,626,626,602,-1,9619,Issa Kaboré
Jacob,Wright,671,671,814,-1,,Jacob Wright
Jahmai,Simpson-Pusey,672,672,-1,-1,13185,Jahmai Simpson-Pusey
Josh,Wilson-Esbrand,675,675,-1,322,,Josh Wilson-Esbrand
Divin,Mubama,698,698,538,669,11242,Divin Mubama
Max,Alleyne,703,703,-1,-1,,Max Alleyne
Spike,Brits,704,704,-1,-1,,Spike Brits
Amad,Diallo,364,364,371,550,8127,Amad Diallo
Antony Matheus,dos Santos,365,365,372,609,11094,Antony Matheus dos Santos
Bruno,Borges Fernandes,366,366,373,333,1228,Bruno Borges Fernandes
Altay,Bayindir,367,367,695,-1,,Altay Bayindir
Carlos Henrique,Casimiro,368,368,376,593,2248,Carlos Henrique Casimiro
Diogo,Dalot Teixeira,369,369,377,342,7281,Diogo Dalot Teixeira
Christian,Eriksen,370,370,379,519,646,Christian Eriksen
Jonny,Evans,371,371,703,249,807,Jonny Evans
Alejandro,Garnacho,372,372,382,569,10552,Alejandro Garnacho
Hannibal,Mejbri,373,373,383,-1,9558,Hannibal Mejbri
Tom,Heaton,374,374,384,348,,Tom Heaton
Rasmus,Højlund,375,375,617,-1,11055,Rasmus Højlund
Victor,Lindelöf,376,376,386,337,6080,Victor Lindelöf
Harry,Maguire,377,377,387,330,1687,Harry Maguire
Kobbie,Mainoo,378,378,388,643,11174,Kobbie Mainoo
Tyrell,Malacia,379,379,389,504,10803,Tyrell Malacia
Lisandro,Martínez,380,380,391,533,10802,Lisandro Martínez
Scott,McTominay,381,381,392,338,5560,Scott McTominay
Mason,Mount,382,382,209,142,7768,Mason Mount
André,Onana,383,383,597,-1,10913,André Onana
Facundo,Pellistri Rebollo,384,384,394,347,9324,Facundo Pellistri Rebollo
Marcus,Rashford,385,385,396,335,556,Marcus Rashford
Luke,Shaw,387,387,398,332,1006,Luke Shaw
Joshua,Zirkzee,389,389,-1,-1,8044,Joshua Zirkzee
Leny,Yoro,572,572,-1,-1,10564,Leny Yoro
Matthijs,de Ligt,593,593,-1,-1,7902,Matthijs de Ligt
Noussair,Mazraoui,594,594,-1,-1,10696,Noussair Mazraoui
Toby,Collyer,613,613,826,-1,12461,Toby Collyer
Ethan,Wheatley,648,648,850,-1,12568,Ethan Wheatley
Manuel,Ugarte,652,652,-1,-1,11766,Manuel Ugarte
Jack,Fletcher,667,667,-1,-1,,Jack Fletcher
Harry,Amass,670,670,846,-1,,Harry Amass
Jayce,Fitzgerald,673,673,-1,-1,,Jayce Fitzgerald
Godwill,Kukonki,691,691,-1,-1,,Godwill Kukonki
Alex,Murphy,390,390,634,-1,12199,Alex Murphy
Miguel,Almirón Rejala,391,391,402,369,7420,Miguel Almirón Rejala
Harvey,Barnes,392,392,603,264,6681,Harvey Barnes
Sven,Botman,393,393,405,377,8635,Sven Botman
Bruno,Guimarães Rodriguez Moura,394,394,406,374,8327,Bruno Guimarães Rodriguez Moura
Dan,Burn,395,395,407,358,7382,Dan Burn
Martin,Dúbravka,396,396,409,355,6532,Martin Dúbravka
Anthony,Gordon,398,398,412,195,8150,Anthony Gordon
Lewis,Hall,399,399,204,661,10216,Lewis Hall
Isaac,Hayden,400,400,413,-1,,Isaac Hayden
Alexander,Isak,401,401,415,594,5232,Alexander Isak
Jacob,Murphy,402,402,423,365,6063,Jacob Murphy
Joelinton Cássio,Apolinário de Lira,403,403,416,371,87,Joelinton Cássio Apolinário de Lira
Lloyd,Kelly,404,404,70,73,8090,Lloyd Kelly
Emil,Krafth,405,405,417,364,1545,Emil Krafth
Garang,Kuol,406,406,418,683,,Garang Kuol
Jamaal,Lascelles,407,407,419,360,766,Jamaal Lascelles
Jamal,Lewis,408,408,420,372,7691,Jamal Lewis
Tino,Livramento,409,409,633,419,9512,Tino Livramento
Sean,Longstaff,410,410,421,370,7078,Sean Longstaff
Lewis,Miley,411,411,635,741,11386,Lewis Miley
Odysseas,Vlachodimos,412,412,710,-1,375,Odysseas Vlachodimos
Nick,Pope,413,413,424,376,5552,Nick Pope
John,Ruddy,414,414,-1,-1,,John Ruddy
Fabian,Schär,415,415,427,366,76,Fabian Schär
Matt,Targett,416,416,428,367,884,Matt Targett
Sandro,Tonali,417,417,429,-1,7958,Sandro Tonali
Kieran,Trippier,418,418,430,357,652,Kieran Trippier
Joe,White,419,419,794,-1,9959,Joe White
Joe,Willock,420,420,432,373,6630,Joe Willock
Callum,Wilson,421,421,433,356,468,Callum Wilson
Miodrag,Pivaš,574,574,-1,-1,,Miodrag Pivaš
William,Osula,590,590,490,-1,9556,William Osula
Álex,Moreno Lopera,26,26,32,694,4120,Álex Moreno Lopera
Ola,Aina,422,422,604,-1,725,Ola Aina
Elliot,Anderson,423,423,403,552,9154,Elliot Anderson
Taiwo,Awoniyi,424,424,437,397,7814,Taiwo Awoniyi
Willy,Boly,425,425,439,474,6850,Willy Boly
Josh,Bowler,426,426,440,-1,,Josh Bowler
Carlos Miguel,dos Santos Pereira,427,427,-1,-1,,Carlos Miguel dos Santos Pereira
Eric,da Silva Moreira,428,428,-1,-1,12765,Eric da Silva Moreira
Danilo,dos Santos de Oliveira,429,429,442,703,11317,Danilo dos Santos de Oliveira
Emmanuel,Dennis,430,430,443,585,9301,Emmanuel Dennis
Nicolás,Domínguez,431,431,712,-1,8252,Nicolás Domínguez
Anthony,Elanga,432,432,378,344,9524,Anthony Elanga
Morgan,Gibbs-White,433,433,447,493,6857,Morgan Gibbs-White
Callum,Hudson-Odoi,434,434,205,144,6456,Callum Hudson-Odoi
Alex,Mighten,435,435,456,395,10761,Alex Mighten
Murillo,Santiago Costa dos Santos,436,436,696,-1,12123,Murillo Santiago Costa dos Santos
Neco,Williams,437,437,467,295,8204,Neco Williams
Omar,Richards,438,438,461,511,,Omar Richards
Lewis,O'Brien,439,439,458,524,10759,Lewis O'Brien
Andrew,Omobamidele,440,440,711,-1,9833,Andrew Omobamidele
Jonathan,Panzo,441,441,460,389,,Jonathan Panzo
Ibrahim,Sangaré,442,442,713,-1,5722,Ibrahim Sangaré
Matz,Sels,443,443,808,-1,6903,Matz Sels
Harry,Toffolo,444,444,465,523,10758,Harry Toffolo
Hwang,Ui-jo,446,446,466,-1,,Hwang Ui-jo
Chris,Wood,447,447,468,354,4456,Chris Wood
Joe,Worrall,448,448,469,388,10756,Joe Worrall
Ryan,Yates,449,449,470,387,11003,Ryan Yates
James,Ward-Prowse,531,531,664,407,843,James Ward-Prowse
Nikola,Milenković,573,573,-1,-1,6174,Nikola Milenković
João Pedro,Ferreira Silva,596,596,-1,-1,8272,João Pedro Ferreira Silva
Ramón,Sosa,620,620,-1,-1,13021,Ramón Sosa
Felipe,Rodrigues da Silva,653,653,-1,-1,7921,Felipe Rodrigues da Silva
Zach,Abbott,706,706,-1,-1,,Zach Abbott
Wayne,Hennessey,721,721,448,518,509,Wayne Hennessey
Aaron,Ramsdale,14,14,17,15,5603,Aaron Ramsdale
Cameron,Archer,27,27,33,54,9912,Cameron Archer
Lesley,Ugochukwu,188,188,613,-1,9451,Lesley Ugochukwu
Ryan,Fraser,397,397,410,359,1683,Ryan Fraser
Carlos,Alcaraz Durán,450,450,-1,693,11297,Carlos Alcaraz Durán
Samuel,Amo-Ameyaw,451,451,-1,778,11618,Samuel Amo-Ameyaw
Joe,Aribo,452,452,-1,512,10766,Joe Aribo
Adam,Armstrong,453,453,-1,408,4419,Adam Armstrong
Gavin,Bazunu,454,454,-1,422,10765,Gavin Bazunu
Jan,Bednarek,455,455,-1,410,6042,Jan Bednarek
Armel,Bella-Kotchap,456,456,-1,423,9710,Armel Bella-Kotchap
James,Bree,457,457,-1,716,11359,James Bree
Shea,Charles,458,458,348,773,11594,Shea Charles
Samuel,Edozie,459,459,-1,624,10072,Samuel Edozie
Ronnie,Edwards,460,460,-1,-1,13239,Ronnie Edwards
Taylor,Harwood-Bellis,461,461,-1,-1,8495,Taylor Harwood-Bellis
Kamaldeen,Sulemana,462,462,-1,731,9630,Kamaldeen Sulemana
Adam,Lallana,463,463,138,101,486,Adam Lallana
Juan,Larios López,464,464,-1,622,11078,Juan Larios López
Mateusz,Lis,465,465,-1,421,,Mateusz Lis
Joe,Lumley,466,466,-1,-1,12762,Joe Lumley
Ryan,Manning,467,467,-1,-1,13134,Ryan Manning
Sékou,Mara,468,468,-1,528,8970,Sékou Mara
Alex,McCarthy,469,469,-1,401,635,Alex McCarthy
Paul,Onuachu,470,470,-1,732,11360,Paul Onuachu
Will,Smallbone,471,471,-1,415,8224,Will Smallbone
Jack,Stephens,472,472,-1,404,1735,Jack Stephens
Ross,Stewart,473,473,-1,-1,13060,Ross Stewart
Sugawara,Yukinari,474,474,-1,-1,12761,Sugawara Yukinari
Charlie,Taylor,475,475,178,-1,6044,Charlie Taylor
Kyle,Walker-Peters,476,476,-1,409,885,Kyle Walker-Peters
Nathan,Wood-Gordon,477,477,-1,-1,12763,Nathan Wood-Gordon
Maxwel,Cornet,515,515,527,575,3278,Maxwel Cornet
Flynn,Downes,518,518,531,509,10845,Flynn Downes
Ben,Brereton Díaz,584,584,775,-1,11815,Ben Brereton Díaz
Tyler,Dibling,608,608,-1,-1,10586,Tyler Dibling
Mateus Gonçalo,Espanha Fernandes,623,623,-1,-1,12948,Mateus Gonçalo Espanha Fernandes
Joseph,O'Brien-Whitmarsh,693,693,-1,-1,,Joseph O'Brien-Whitmarsh
Welington Damascena,Santos,718,718,-1,-1,,Welington Damascena Santos
Joachim,Kayi-Sanda,719,719,-1,-1,,Joachim Kayi-Sanda
Dominic,Solanke-Mitchell,82,82,85,66,1679,Dominic Solanke-Mitchell
Ashley,Phillips,478,478,702,-1,,Ashley Phillips
Brandon,Austin,479,479,491,451,8093,Brandon Austin
Rodrigo,Bentancur,480,480,492,440,6108,Rodrigo Bentancur
Lucas,Bergvall,481,481,-1,-1,12912,Lucas Bergvall
Yves,Bissouma,482,482,493,444,5609,Yves Bissouma
Bryan,Gil Salvatierra,483,483,494,554,7338,Bryan Gil Salvatierra
Ben,Davies,484,484,495,432,660,Ben Davies
Alfie,Devine,485,485,-1,452,,Alfie Devine
Radu,Drăgușin,486,486,777,-1,9105,Radu Drăgușin
Emerson,Leite de Souza Junior,487,487,497,445,7430,Emerson Leite de Souza Junior
Fraser,Forster,488,488,498,426,831,Fraser Forster
Archie,Gray,489,489,-1,565,10184,Archie Gray
Pierre-Emile,Højbjerg,490,490,499,433,343,Pierre-Emile Højbjerg
Brennan,Johnson,491,491,450,394,10760,Brennan Johnson
Dejan,Kulusevski,492,492,501,446,6691,Dejan Kulusevski
Giovani,Lo Celso,493,493,503,-1,5681,Giovani Lo Celso
James,Maddison,494,494,504,261,6818,James Maddison
Pedro,Porro,495,495,506,733,6912,Pedro Porro
Sergio,Reguilón,496,496,508,438,7187,Sergio Reguilón
Richarlison,de Andrade,497,497,509,454,6026,Richarlison de Andrade
Cristian,Romero,498,498,511,443,7218,Cristian Romero
Pape Matar,Sarr,499,499,513,450,9021,Pape Matar Sarr
Dane,Scarlett,500,500,640,447,9332,Dane Scarlett
Manor,Solomon,502,502,583,562,10716,Manor Solomon
Son,Heung-min,503,503,516,428,453,Son Heung-min
Djed,Spence,504,504,517,522,10764,Djed Spence
Destiny,Udogie,505,505,519,-1,8831,Destiny Udogie
Micky,van de Ven,506,506,639,-1,10050,Micky van de Ven
Alejo,Véliz,507,507,641,-1,12105,Alejo Véliz
Guglielmo,Vicario,508,508,520,-1,8858,Guglielmo Vicario
Timo,Werner,509,509,776,137,65,Timo Werner
Alfie,Whiteman,510,510,521,-1,,Alfie Whiteman
Will,Lankshear,609,609,-1,-1,13127,Will Lankshear
Mikey,Moore,610,610,860,-1,12603,Mikey Moore
Wilson,Odobert,612,612,660,-1,10822,Wilson Odobert
Callum,Olusesi,683,683,-1,-1,,Callum Olusesi
Malachi,Hardy,684,684,-1,-1,,Malachi Hardy
Luca,Williams-Barnett,689,689,-1,-1,,Luca Williams-Barnett
Alfie,Dorrington,699,699,740,-1,12193,Alfie Dorrington
Maeson,King,700,700,-1,-1,,Maeson King
Antonín,Kinsky,716,716,-1,-1,13348,Antonín Kinsky
Min-Hyeok,Yang,717,717,-1,-1,,Min-Hyeok Yang
Aaron,Wan-Bissaka,388,388,401,341,5584,Aaron Wan-Bissaka
Edson,Álvarez Velázquez,511,511,642,-1,11926,Edson Álvarez Velázquez
Michail,Antonio,512,512,523,458,531,Michail Antonio
Alphonse,Areola,513,513,524,473,2310,Alphonse Areola
Jarrod,Bowen,514,514,526,465,1776,Jarrod Bowen
Vladimír,Coufal,516,516,528,463,8965,Vladimír Coufal
Aaron,Cresswell,517,517,530,457,534,Aaron Cresswell
George,Earthy,519,519,829,-1,12474,George Earthy
Emerson,Palmieri dos Santos,520,520,532,545,1245,Emerson Palmieri dos Santos
Łukasz,Fabiański,521,521,533,455,706,Łukasz Fabiański
Wes,Foderingham,522,522,482,-1,8776,Wes Foderingham
Danny,Ings,523,523,535,30,986,Danny Ings
Max,Kilman,524,524,563,484,7332,Max Kilman
Mohammed,Kudus,525,525,689,-1,12027,Mohammed Kudus
Luis Guilherme,Lira dos Santos,526,526,-1,-1,13026,Luis Guilherme Lira dos Santos
Lucas,Tolentino Coelho de Lima,527,527,539,603,7365,Lucas Tolentino Coelho de Lima
Konstantinos,Mavropanos,528,528,676,-1,6722,Konstantinos Mavropanos
Nayef,Aguerd,529,529,522,472,6935,Nayef Aguerd
Tomáš,Souček,530,530,542,468,8288,Tomáš Souček
Kurt,Zouma,532,532,544,461,935,Kurt Zouma
Andy,Irving,576,576,-1,-1,12774,Andy Irving
Crysencio,Summerville,587,587,-1,240,9492,Crysencio Summerville
Guido,Rodríguez,588,588,-1,-1,8267,Guido Rodríguez
Niclas,Füllkrug,589,589,-1,-1,6098,Niclas Füllkrug
Jean-Clair,Todibo,591,591,-1,-1,6816,Jean-Clair Todibo
Kaelan,Casey,643,643,774,746,11409,Kaelan Casey
Carlos,Soler,654,654,-1,-1,2478,Carlos Soler
Ollie,Scarles,677,677,784,-1,12358,Ollie Scarles
Ezra,Mayers,686,686,-1,-1,,Ezra Mayers
Lewis,Orford,701,701,773,-1,,Lewis Orford
Sam,Johnstone,204,204,230,175,978,Sam Johnstone
Rayan,Aït-Nouri,533,533,545,487,6674,Rayan Aït-Nouri
Boubacar,Traoré,534,534,574,629,8119,Boubacar Traoré
Jean-Ricner,Bellegarde,535,535,715,-1,7762,Jean-Ricner Bellegarde
Daniel,Bentley,536,536,546,717,11361,Daniel Bentley
Francisco Jorge,Tomás Oliveira,537,537,549,490,10327,Francisco Jorge Tomás Oliveira
Tawanda,Chirewa,538,538,750,-1,12234,Tawanda Chirewa
Leon,Chiwome,539,539,836,-1,12532,Leon Chiwome
Luke,Cundle,540,540,550,485,8179,Luke Cundle
Matheus,Santos Carneiro Da Cunha,541,541,590,682,7080,Matheus Santos Carneiro Da Cunha
Craig,Dawson,542,542,551,459,804,Craig Dawson
Matt,Doherty,543,543,598,429,6852,Matt Doherty
Tommy,Doyle,544,544,351,-1,8496,Tommy Doyle
Fábio,Silva,545,545,552,488,8778,Fábio Silva
Nathan,Fraser,546,546,704,657,11210,Nathan Fraser
Enso,González,547,547,698,-1,12047,Enso González
Gonçalo Manuel,Ganchinho Guedes,548,548,554,579,5682,Gonçalo Manuel Ganchinho Guedes
Hugo,Bueno López,549,549,548,558,10140,Hugo Bueno López
Hwang,Hee-chan,550,550,557,481,8845,Hwang Hee-chan
Joe,Hodge,551,551,555,566,10755,Joe Hodge
Ki-Jana,Hoever,552,552,556,-1,,Ki-Jana Hoever
João Victor,Gomes da Silva,553,553,559,721,11384,João Victor Gomes da Silva
José,Malheiro de Sá,554,554,569,478,9740,José Malheiro de Sá
Saša,Kalajdžić,555,555,562,608,8812,Saša Kalajdžić
Tom,King,556,556,564,-1,,Tom King
Mario,Lemina,557,557,565,698,1299,Mario Lemina
Yerson,Mosquera,558,558,788,494,9958,Yerson Mosquera
Nélson,Cabral Semedo,559,559,572,482,6163,Nélson Cabral Semedo
Pedro,Cardoso de Lima,561,561,-1,-1,13156,Pedro Cardoso de Lima
Daniel,Castelo Podence,562,562,568,483,8291,Daniel Castelo Podence
Rodrigo,Martins Gomes,563,563,-1,-1,2496,Rodrigo Martins Gomes
Santiago,Bueno,564,564,697,-1,10945,Santiago Bueno
Pablo,Sarabia,565,565,570,704,2199,Pablo Sarabia
Jørgen,Strand Larsen,566,566,-1,-1,11070,Jørgen Strand Larsen
Toti António,Gomes,567,567,573,489,10293,Toti António Gomes
Bastien,Meupiyou,637,637,-1,-1,,Bastien Meupiyou
André,Trindade da Costa Neto,642,642,-1,-1,13022,André Trindade da Costa Neto
Carlos Roberto,Forbs Borges,655,655,-1,-1,13092,Carlos Roberto Forbs Borges
Alfie,Pond,664,664,-1,-1,13117,Alfie Pond
Tom,Edozie,682,682,-1,-1,,Tom Edozie
Wes,Okoduwa,711,711,-1,-1,,Wes Okoduwa
Emmanuel,Agbadou,720,720,-1,-1,10856,Emmanuel Agbadou
Granit,Xhaka,727,-1,30,3,204,Granit Xhaka
Mohamed,Elneny,728,-1,3,4,496,Mohamed Elneny
Nicolas,Pépé,729,-1,16,9,5656,Nicolas Pépé
Nuno,Varela Tavares,731,-1,23,17,9691,Nuno Varela Tavares
Pablo,Marí Villar,732,-1,-1,20,8380,Pablo Marí Villar
Lucas,Torreira di Pascua,733,-1,-1,22,,Lucas Torreira di Pascua
Marcus,Oliveira Alencar,734,-1,11,27,11035,Marcus Oliveira Alencar
Matthew,Smith,735,-1,-1,607,,Matthew Smith
Reuell,Walters,737,-1,736,751,,Reuell Walters
Mauro,Bandeira,738,-1,815,767,,Mauro Bandeira
Philippe,Coutinho Correia,739,-1,38,29,488,Philippe Coutinho Correia
Calum,Chambers,740,-1,37,32,508,Calum Chambers
Bertrand,Traoré,741,-1,59,34,695,Bertrand Traoré
Morgan,Sanson,742,-1,56,36,3696,Morgan Sanson
Marvelous,Nakamba,743,-1,52,41,8040,Marvelous Nakamba
Douglas Luiz,Soares de Paulo,744,-1,43,46,6122,Douglas Luiz Soares de Paulo
Anwar,El Ghazi,745,-1,-1,51,5612,Anwar El Ghazi
Keinan,Davis,746,-1,39,52,1053,Keinan Davis
Frédéric,Guilbert,748,-1,-1,56,,Frédéric Guilbert
Ludwig,Augustinsson,749,-1,-1,525,6083,Ludwig Augustinsson
James,Wright,752,-1,778,753,,James Wright
Sebastian,Revan,753,-1,-1,754,,Sebastian Revan
Travis,Patterson,754,-1,-1,755,,Travis Patterson
Tommi,O'Reilly,755,-1,767,761,,Tommi O'Reilly
Junior,Stanislas,756,-1,-1,58,463,Junior Stanislas
Ryan,Fredericks,757,-1,68,59,6891,Ryan Fredericks
Jamal,Lowe,758,-1,73,61,10865,Jamal Lowe
Kieffer,Moore,759,-1,76,62,10743,Kieffer Moore
Emiliano,Marcondes,760,-1,74,63,10745,Emiliano Marcondes
Jack,Stacey,761,-1,-1,65,7823,Jack Stacey
Ben,Pearson,763,-1,79,68,10742,Ben Pearson
Siriki,Dembélé,764,-1,67,74,10749,Siriki Dembélé
Jordan,Zemura,765,-1,-1,76,10740,Jordan Zemura
Joe,Rothwell,766,-1,81,505,561,Joe Rothwell
Darren,Randolph,767,-1,80,571,,Darren Randolph
Christian,Saydee,768,-1,-1,597,,Christian Saydee
Owen,Bevan,769,-1,-1,598,11034,Owen Bevan
Cameron,Plain,770,-1,-1,649,,Cameron Plain
Michael,Dacosta Gonzalez,771,-1,849,696,,Michael Dacosta Gonzalez
Euan,Pollock,772,-1,-1,706,,Euan Pollock
Matías,Viña,773,-1,-1,718,9892,Matías Viña
Ben,Greenwood,774,-1,619,737,,Ben Greenwood
Pontus,Jansson,776,-1,-1,78,1801,Pontus Jansson
Sergi,Canós Tenés,777,-1,95,82,1078,Sergi Canós Tenés
Saman,Ghoddos,778,-1,701,87,7069,Saman Ghoddos
Mads,Bech Sørensen,779,-1,93,91,9683,Mads Bech Sørensen
Shandon,Baptiste,780,-1,92,94,9914,Shandon Baptiste
Charlie,Goode,781,-1,102,96,9687,Charlie Goode
Marcus,Forss,782,-1,-1,97,9684,Marcus Forss
Dominic,Thompson,783,-1,-1,98,9915,Dominic Thompson
Mads,Bidstrup,784,-1,94,99,9682,Mads Bidstrup
Ellery,Balcombe,785,-1,91,100,,Ellery Balcombe
Thomas,Strakosha,786,-1,116,517,1214,Thomas Strakosha
Fin,Stevens,787,-1,-1,540,,Fin Stevens
Halil,Dervişoğlu,788,-1,100,541,9686,Halil Dervişoğlu
Matthew,Cox,789,-1,97,633,,Matthew Cox
Tristan,Crama,790,-1,-1,646,,Tristan Crama
Michael,Olakigbe,792,-1,620,752,11487,Michael Olakigbe
Steven,Alzate,793,-1,123,115,8020,Steven Alzate
Enock,Mwepu,794,-1,-1,118,9734,Enock Mwepu
Taylor,Richards,795,-1,-1,121,9735,Taylor Richards
Haydon,Roberts,796,-1,-1,122,,Haydon Roberts
Kjell,Scherpen,798,-1,147,542,,Kjell Scherpen
Matt,Clarke,799,-1,-1,543,,Matt Clarke
Ed,Turns,800,-1,-1,640,,Ed Turns
James,Furlong,801,-1,-1,652,,James Furlong
Tom,McGill,802,-1,141,756,,Tom McGill
César,Azpilicueta,803,-1,189,127,681,César Azpilicueta
Thiago,Emiliano da Silva,804,-1,217,128,3288,Thiago Emiliano da Silva
Marcos,Alonso,805,-1,-1,129,1621,Marcos Alonso
N'Golo,Kanté,807,-1,-1,134,751,N'Golo Kanté
Hakim,Ziyech,808,-1,218,135,8992,Hakim Ziyech
Ruben,Loftus-Cheek,809,-1,-1,136,688,Ruben Loftus-Cheek
Robert Kenedy,Nunes do Nascimento,810,-1,-1,138,,Robert Kenedy Nunes do Nascimento
Christian,Pulisic,811,-1,213,140,2662,Christian Pulisic
Edouard,Mendy,812,-1,-1,147,6880,Edouard Mendy
Ethan,Ampadu,813,-1,185,151,,Ethan Ampadu
Kalidou,Koulibaly,814,-1,-1,520,1376,Kalidou Koulibaly
Harvey,Vale,815,-1,-1,606,,Harvey Vale
Denis,Zakaria,816,-1,-1,616,6147,Denis Zakaria
Pierre-Emerick,Aubameyang,817,-1,188,617,318,Pierre-Emerick Aubameyang
Bashir,Humphreys,819,-1,671,673,,Bashir Humphreys
Ethan,Wady,820,-1,-1,771,,Ethan Wady
Albert,Sambi Lokonga,821,-1,21,18,9689,Albert Sambi Lokonga
Vicente,Guaita,822,-1,227,152,2190,Vicente Guaita
James,Tomkins,823,-1,241,153,530,James Tomkins
James,McArthur,824,-1,-1,154,633,James McArthur
Christian,Benteke,825,-1,-1,155,606,Christian Benteke
Luka,Milivojevic,826,-1,-1,158,5549,Luka Milivojevic
Wilfried,Zaha,827,-1,-1,160,522,Wilfried Zaha
Jairo,Riedewald,828,-1,239,164,6027,Jairo Riedewald
Michael,Olise,829,-1,236,171,9948,Michael Olise
Nathan,Ferguson,830,-1,-1,174,6451,Nathan Ferguson
Luke,Plange,831,-1,237,496,,Luke Plange
Joseph,Whitworth,832,-1,243,590,11005,Joseph Whitworth
Killian,Phillips,833,-1,-1,604,,Killian Phillips
John-Kymani,Gordon,834,-1,658,634,,John-Kymani Gordon
Kofi,Balmer,835,-1,-1,642,,Kofi Balmer
Owen,Goodman,836,-1,-1,644,,Owen Goodman
Jack,Wells-Morrison,837,-1,-1,654,,Jack Wells-Morrison
Tayo,Adaramola,838,-1,763,766,,Tayo Adaramola
Salomón,Rondón,840,-1,-1,177,813,Salomón Rondón
Andros,Townsend,842,-1,727,179,775,Andros Townsend
Dele,Alli,843,-1,248,181,645,Dele Alli
Allan,Marques Loureiro,844,-1,-1,183,1379,Allan Marques Loureiro
André,Tavares Gomes,845,-1,244,184,2383,André Tavares Gomes
Jean-Philippe,Gbamin,846,-1,251,187,4764,Jean-Philippe Gbamin
Yerry,Mina,847,-1,-1,188,6521,Yerry Mina
Demarai,Gray,848,-1,253,189,762,Demarai Gray
Tom,Davies,849,-1,666,190,1042,Tom Davies
Niels,Nkounkou,850,-1,-1,198,,Niels Nkounkou
Rúben,Nascimento Vinagre,851,-1,-1,531,6856,Rúben Nascimento Vinagre
Stanley,Mills,852,-1,-1,560,,Stanley Mills
Lewis,Warrington,853,-1,841,561,10775,Lewis Warrington
Reece,Welch,854,-1,-1,605,,Reece Welch
Eldin,Jakupovic,855,-1,-1,627,,Eldin Jakupovic
Kyle,John,856,-1,-1,637,,Kyle John
Isaac,Price,858,-1,-1,678,9470,Isaac Price
Ellis,Simms,859,-1,264,686,8582,Ellis Simms
Ishé,Samuels-Smith,860,-1,819,757,,Ishé Samuels-Smith
Andy,Lonergan,861,-1,579,760,,Andy Lonergan
Sean,McAllister,862,-1,-1,768,,Sean McAllister
Cédric,Alves Soares,863,-1,2,1,847,Cédric Alves Soares
Shane,Duffy,864,-1,-1,105,6047,Shane Duffy
Anthony,Knockaert,865,-1,273,202,,Anthony Knockaert
Nathaniel,Chalobah,866,-1,-1,203,1677,Nathaniel Chalobah
Neeskens,Kebano,867,-1,-1,204,6840,Neeskens Kebano
Joe,Bryan,868,-1,-1,206,,Joe Bryan
Paulo,Gazzaniga Farias,869,-1,-1,207,,Paulo Gazzaniga Farias
Terence,Kongolo,870,-1,274,208,,Terence Kongolo
Aleksandar,Mitrović,871,-1,278,210,773,Aleksandar Mitrović
Marek,Rodák,872,-1,284,213,8704,Marek Rodák
Ivan,Neves Abreu Cavaleiro,873,-1,269,214,,Ivan Neves Abreu Cavaleiro
Josh,Onomah,874,-1,-1,216,661,Josh Onomah
João,Palhinha Gonçalves,875,-1,280,220,10715,João Palhinha Gonçalves
Daniel,James,876,-1,-1,231,5595,Daniel James
Tyrese,Francois,877,-1,272,521,9552,Tyrese Francois
Terry,Ablade,878,-1,-1,591,,Terry Ablade
Layvin,Kurzawa,879,-1,-1,613,3298,Layvin Kurzawa
Willian,Borges da Silva,880,-1,591,614,700,Willian Borges da Silva
Stefan,Parkes,881,-1,-1,636,,Stefan Parkes
Kristian,Sekularac,882,-1,796,667,,Kristian Sekularac
George,Wickens,884,-1,-1,747,,George Wickens
Charlie,Robinson,885,-1,-1,750,,Charlie Robinson
Matthew,Dibley-Dias,886,-1,652,763,,Matthew Dibley-Dias
Kasper,Schmeichel,887,-1,-1,248,745,Kasper Schmeichel
Ryan,Bertrand,888,-1,-1,250,835,Ryan Bertrand
Marc,Albrighton,889,-1,-1,251,753,Marc Albrighton
Nampalys,Mendy,890,-1,-1,252,1785,Nampalys Mendy
Daniel,Amartey,891,-1,-1,257,759,Daniel Amartey
Ayoze,Pérez,892,-1,-1,260,770,Ayoze Pérez
Kelechi,Iheanacho,893,-1,-1,262,620,Kelechi Iheanacho
Çaglar,Söyüncü,894,-1,-1,267,5264,Çaglar Söyüncü
Lewis,Brunt,895,-1,-1,273,10168,Lewis Brunt
Dennis,Praet,896,-1,-1,549,1234,Dennis Praet
Alex,Smithies,897,-1,-1,581,,Alex Smithies
Sammy,Braybrooke,898,-1,-1,639,,Sammy Braybrooke
Joe,Wormleighton,899,-1,-1,645,,Joe Wormleighton
Mateus,Cardoso Lemos Martins,900,-1,-1,715,10536,Mateus Cardoso Lemos Martins
Liam,Cooper,902,-1,-1,221,8816,Liam Cooper
Luke,Ayling,903,-1,-1,222,8716,Luke Ayling
Mateusz,Klich,904,-1,-1,223,4381,Mateusz Klich
Adam,Forshaw,905,-1,-1,224,1711,Adam Forshaw
Rodrigo,Moreno,906,-1,-1,225,2381,Rodrigo Moreno
Stuart,Dallas,907,-1,-1,226,8718,Stuart Dallas
Patrick,Bamford,908,-1,-1,227,822,Patrick Bamford
Diego,Llorente,909,-1,-1,228,2163,Diego Llorente
Tyler,Roberts,910,-1,-1,229,1014,Tyler Roberts
Robin,Koch,911,-1,-1,230,6273,Robin Koch
Raphael,Dias Belloli,912,-1,-1,232,,Raphael Dias Belloli
Jamie,Shackleton,913,-1,-1,234,8721,Jamie Shackleton
Pascal,Struijk,914,-1,-1,235,8717,Pascal Struijk
Kristoffer,Klaesson,915,-1,-1,236,9700,Kristoffer Klaesson
Sam,Greenwood,916,-1,-1,237,9493,Sam Greenwood
Illan,Meslier,917,-1,-1,238,8715,Illan Meslier
Junior,Firpo Adames,918,-1,-1,239,6485,Junior Firpo Adames
Lewis,Bate,919,-1,-1,241,8544,Lewis Bate
Joe,Gelhardt,920,-1,-1,242,9339,Joe Gelhardt
Leo Fuhr,Hjelde,921,-1,-1,243,10028,Leo Fuhr Hjelde
Rasmus,Kristensen,922,-1,-1,244,10750,Rasmus Kristensen
Marc,Roca Junqué,923,-1,-1,245,5086,Marc Roca Junqué
Brenden,Aaronson,924,-1,-1,246,10751,Brenden Aaronson
Darko,Gyabi,925,-1,-1,247,10752,Darko Gyabi
Cody,Drameh,927,-1,-1,547,9499,Cody Drameh
Joel,Robles,928,-1,-1,578,584,Joel Robles
Wilfried,Gnonto,929,-1,-1,619,11155,Wilfried Gnonto
Mateo Joseph,Fernández,930,-1,-1,659,11208,Mateo Joseph Fernández
Sonny,Perkins,931,-1,-1,663,,Sonny Perkins
Maximilian,Wöber,932,-1,-1,691,7366,Maximilian Wöber
Weston,McKennie,933,-1,-1,720,5360,Weston McKennie
Jeremiah,Chilokoa-Mullen,934,-1,-1,742,,Jeremiah Chilokoa-Mullen
Diogo,Pinheiro Monteiro,935,-1,-1,743,,Diogo Pinheiro Monteiro
Jordan,Henderson,936,-1,299,275,605,Jordan Henderson
Joel,Matip,937,-1,305,276,332,Joel Matip
Thiago,Alcántara do Nascimento,938,-1,310,277,229,Thiago Alcántara do Nascimento
Alex,Oxlade-Chamberlain,939,-1,-1,278,966,Alex Oxlade-Chamberlain
Roberto,Firmino,940,-1,-1,279,482,Roberto Firmino
Fabio Henrique,Tavares,941,-1,296,282,3420,Fabio Henrique Tavares
Naby,Keita,943,-1,-1,287,5247,Naby Keita
Calvin,Ramsay,944,-1,-1,298,,Calvin Ramsay
Adrián,San Miguel del Castillo,945,-1,289,497,,Adrián San Miguel del Castillo
Luke,Chambers,946,-1,726,563,,Luke Chambers
Arthur Henrique,Ramos de Oliveira Melo,948,-1,-1,620,,Arthur Henrique Ramos de Oliveira Melo
Riyad,Mahrez,949,-1,359,303,750,Riyad Mahrez
Aymeric,Laporte,951,-1,357,309,2498,Aymeric Laporte
Zack,Steffen,952,-1,367,310,7817,Zack Steffen
Luke,Mbete-Tabu,954,-1,-1,320,,Luke Mbete-Tabu
Sergio,Gómez,955,-1,366,587,6656,Sergio Gómez
Claudio,Gomes,956,-1,-1,599,,Claudio Gomes
Ben,Knight,957,-1,-1,600,,Ben Knight
Máximo,Perrone,958,-1,363,712,11378,Máximo Perrone
Alex,Robertson,959,-1,-1,772,,Alex Robertson
Jack,Butland,960,-1,-1,162,856,Jack Butland
Cristiano Ronaldo,dos Santos Aveiro,961,-1,-1,326,2371,Cristiano Ronaldo dos Santos Aveiro
David,De Gea Quintana,962,-1,-1,327,546,David De Gea Quintana
Phil,Jones,963,-1,-1,328,951,Phil Jones
Raphaël,Varane,964,-1,395,329,2245,Raphaël Varane
Frederico,Rodrigues de Paula Santos,965,-1,381,331,6817,Frederico Rodrigues de Paula Santos
Alex,Telles,966,-1,370,334,1828,Alex Telles
Donny,van de Beek,967,-1,400,336,8821,Donny van de Beek
Eric,Bailly,968,-1,375,339,1739,Eric Bailly
Brandon,Williams,969,-1,374,343,8075,Brandon Williams
Anthony,Martial,970,-1,390,345,553,Anthony Martial
Zidane,Iqbal,971,-1,-1,551,,Zidane Iqbal
Matej,Kovár,972,-1,-1,615,,Matej Kovár
Nathan,Bishop,973,-1,-1,656,,Nathan Bishop
Shola,Shoretire,974,-1,399,660,,Shola Shoretire
Rhys,Bennett,975,-1,768,674,,Rhys Bennett
Wout,Weghorst,976,-1,183,701,7052,Wout Weghorst
Marcel,Sabitzer,977,-1,-1,728,5248,Marcel Sabitzer
Marc,Jurado Gomez,978,-1,-1,759,,Marc Jurado Gomez
Matt,Ritchie,979,-1,425,350,461,Matt Ritchie
Federico,Fernández,980,-1,-1,351,708,Federico Fernández
Ciaran,Clark,981,-1,-1,352,875,Ciaran Clark
Karl,Darlow,982,-1,408,353,780,Karl Darlow
Dwight,Gayle,984,-1,-1,361,743,Dwight Gayle
Paul,Dummett,985,-1,581,362,853,Paul Dummett
Javier,Manquillo Gaitán,986,-1,422,363,1719,Javier Manquillo Gaitán
Allan,Saint-Maximin,987,-1,426,368,101,Allan Saint-Maximin
Jeff,Hendrick,988,-1,414,375,1746,Jeff Hendrick
Harrison,Ashby,989,-1,404,555,,Harrison Ashby
Loris,Karius,990,-1,580,626,37,Loris Karius
Mark,Gillespie,991,-1,411,776,,Mark Gillespie
Jonjo,Shelvey,992,-1,463,349,769,Jonjo Shelvey
Harry,Arter,993,-1,435,378,,Harry Arter
Steve,Cook,994,-1,441,379,458,Steve Cook
Lyle,Taylor,995,-1,-1,380,,Lyle Taylor
Jack,Colback,996,-1,-1,381,767,Jack Colback
Brice,Samba,997,-1,-1,382,,Brice Samba
Carlos,Ribeiro Dias,998,-1,-1,383,5646,Carlos Ribeiro Dias
Joe,Lolley,999,-1,-1,384,,Joe Lolley
Scott,McKenna,1000,-1,455,385,10757,Scott McKenna
Mohamed,Dräger,1001,-1,444,386,,Mohamed Dräger
Xande,Nascimento da Costa Silva,1002,-1,-1,390,,Xande Nascimento da Costa Silva
Sam,Surridge,1003,-1,464,391,5602,Sam Surridge
Richie,Laryea,1004,-1,452,392,,Richie Laryea
Loïc,Mbe Soh,1005,-1,454,393,,Loïc Mbe Soh
Braian,Ojeda Rodríguez,1006,-1,459,396,,Braian Ojeda Rodríguez
Giulian,Biancone,1007,-1,438,399,7282,Giulian Biancone
Moussa,Niakhaté,1008,-1,457,507,5989,Moussa Niakhaté
Jesse,Lingard,1009,-1,-1,527,558,Jesse Lingard
Oliver,Hammond,1010,-1,-1,553,,Oliver Hammond
Remo,Freuler,1011,-1,446,582,1488,Remo Freuler
Cheikhou,Kouyaté,1012,-1,451,583,532,Cheikhou Kouyaté
Renan Augusto,Lodi dos Santos,1013,-1,-1,602,7891,Renan Augusto Lodi dos Santos
Loïc,Badé,1014,-1,-1,621,,Loïc Badé
Serge,Aurier,1015,-1,436,628,3600,Serge Aurier
Dale,Taylor,1016,-1,-1,666,,Dale Taylor
Jordan,Smith,1017,-1,-1,675,,Jordan Smith
Gustavo Henrique,Furtado Scarpa,1018,-1,462,681,11284,Gustavo Henrique Furtado Scarpa
Keylor,Navas,1019,-1,-1,729,2243,Keylor Navas
Felipe Augusto,de Almeida Monteiro,1020,-1,445,730,7921,Felipe Augusto de Almeida Monteiro
André,Ayew,1021,-1,-1,734,713,André Ayew
George,Shelvey,1022,-1,636,749,,George Shelvey
Ainsley,Maitland-Niles,1023,-1,-1,21,1750,Ainsley Maitland-Niles
Theo,Walcott,1024,-1,-1,400,503,Theo Walcott
Oriol,Romeu Vidal,1025,-1,-1,402,842,Oriol Romeu Vidal
Nathan,Redmond,1026,-1,600,403,790,Nathan Redmond
Stuart,Armstrong,1027,-1,-1,405,6893,Stuart Armstrong
Mohamed,Elyounoussi,1028,-1,-1,406,6894,Mohamed Elyounoussi
Che,Adams,1029,-1,-1,411,7700,Che Adams
Nathan,Tella,1030,-1,-1,412,8456,Nathan Tella
Lyanco,Silveira Neves Vojnovic,1031,-1,-1,413,6252,Lyanco Silveira Neves Vojnovic
Yan,Valery,1032,-1,-1,414,7280,Yan Valery
Ibrahima,Diallo,1033,-1,-1,416,6736,Ibrahima Diallo
Romain,Perraud,1034,-1,-1,417,6500,Romain Perraud
Moussa,Djenepo,1035,-1,-1,418,7701,Moussa Djenepo
Mohammed,Salisu,1036,-1,-1,420,6923,Mohammed Salisu
Willy,Caballero,1037,-1,-1,424,624,Willy Caballero
Duje,Caleta-Car,1039,-1,-1,623,7007,Duje Caleta-Car
Lewis,Payne,1040,-1,-1,647,,Lewis Payne
Ryan,Finnigan,1041,-1,-1,648,,Ryan Finnigan
Jimmy,Morgan,1042,-1,-1,671,,Jimmy Morgan
Mislav,Orsic,1043,-1,-1,692,11298,Mislav Orsic
Kamari,Doyle,1045,-1,-1,769,11582,Kamari Doyle
Dominic,Ballard,1046,-1,-1,770,11583,Dominic Ballard
Hugo,Lloris,1047,-1,502,425,637,Hugo Lloris
Harry,Kane,1048,-1,500,427,647,Harry Kane
Eric,Dier,1049,-1,496,430,643,Eric Dier
Lucas,Rodrigues Moura da Silva,1050,-1,-1,431,3293,Lucas Rodrigues Moura da Silva
Davinson,Sánchez,1051,-1,512,435,6249,Davinson Sánchez
Steven,Bergwijn,1052,-1,-1,437,8300,Steven Bergwijn
Japhet,Tanganga,1053,-1,518,439,8222,Japhet Tanganga
Joe,Rodon,1054,-1,510,442,6377,Joe Rodon
Ivan,Perišić,1055,-1,507,448,448,Ivan Perišić
Harvey,White,1056,-1,-1,449,8458,Harvey White
Troy,Parrott,1057,-1,-1,453,,Troy Parrott
Clément,Lenglet,1058,-1,699,513,5050,Clément Lenglet
Arnaut,Danjuma,1059,-1,601,713,8066,Arnaut Danjuma
Romaine,Mundle,1060,-1,-1,748,,Romaine Mundle
George,Abbott,1061,-1,-1,758,11509,George Abbott
Matthew,Craig,1062,-1,-1,764,10579,Matthew Craig
Yago,de Santiago Alonso,1063,-1,754,777,,Yago de Santiago Alonso
Angelo,Ogbonna,1065,-1,577,456,528,Angelo Ogbonna
Manuel,Lanzini,1066,-1,-1,460,535,Manuel Lanzini
Arthur,Masuaku,1067,-1,-1,462,1760,Arthur Masuaku
Saïd,Benrahma,1069,-1,525,464,3585,Saïd Benrahma
Nikola,Vlasic,1070,-1,-1,466,6276,Nikola Vlasic
Pablo,Fornals Malla,1072,-1,534,469,2335,Pablo Fornals Malla
Gianluca,Scamacca,1073,-1,541,529,6253,Gianluca Scamacca
Conor,Coventry,1074,-1,529,556,7239,Conor Coventry
Armstrong,Oko-Flex,1075,-1,-1,572,,Armstrong Oko-Flex
Thilo,Kehrer,1076,-1,537,588,2674,Thilo Kehrer
Joseph,Anang,1077,-1,647,739,,Joseph Anang
Krisztián,Hegyi,1078,-1,-1,740,,Krisztián Hegyi
Jonathan,Castro Otto,1079,-1,560,477,2280,Jonathan Castro Otto
Rúben,da Silva Neves,1080,-1,-1,480,6853,Rúben da Silva Neves
Matija,Šarkić,1083,-1,571,492,,Matija Šarkić
João Filipe Iria,Santos Moutinho,1085,-1,-1,503,3422,João Filipe Iria Santos Moutinho
Jackson,Smith,1086,-1,-1,557,,Jackson Smith
Connor,Ronan,1088,-1,-1,567,10753,Connor Ronan
Chem,Campbell,1089,-1,-1,568,9741,Chem Campbell
Diego,Da Silva Costa,1091,-1,-1,625,802,Diego Da Silva Costa
Harvey,Griffiths,1092,-1,787,658,,Harvey Griffiths
Dexter,Lembikisa,1093,-1,-1,664,11233,Dexter Lembikisa
Folarin,Balogun,1094,-1,1,-1,,Folarin Balogun
Rúnar Alex,Rúnarsson,1095,-1,18,-1,,Rúnar Alex Rúnarsson
Charles,Sagoe,1096,-1,735,-1,,Charles Sagoe
Bradley,Ibrahim,1097,-1,737,-1,,Bradley Ibrahim
James,Sweet,1098,-1,817,-1,,James Sweet
Wesley,Moraes Ferreira da Silva,1099,-1,61,-1,,Wesley Moraes Ferreira da Silva
Nicolò,Zaniolo,1100,-1,672,-1,6686,Nicolò Zaniolo
Sam,Proctor,1101,-1,765,-1,,Sam Proctor
Finley,Munroe,1102,-1,854,-1,12581,Finley Munroe
Lander,Emery,1103,-1,866,-1,,Lander Emery
Gavin,Kilkenny,1104,-1,71,-1,,Gavin Kilkenny
Ionuț,Radu,1105,-1,607,-1,1830,Ionuț Radu
Callan,McKenna,1106,-1,855,-1,,Callan McKenna
Ji-Soo,Kim,1108,-1,725,-1,,Ji-Soo Kim
Valintino,Adedokun,1109,-1,733,-1,,Valintino Adedokun
Vincent,Angelini,1110,-1,752,-1,,Vincent Angelini
Benjamin,Fredrick,1111,-1,797,-1,6817,Benjamin Fredrick
Aaron,Connolly,1113,-1,127,-1,,Aaron Connolly
Michał,Karbownik,1114,-1,136,-1,,Michał Karbownik
Andi,Zeqiri,1115,-1,155,-1,,Andi Zeqiri
Anssumane,Fati Vieira,1116,-1,700,-1,7967,Anssumane Fati Vieira
Ben,Jackson,1117,-1,746,-1,,Ben Jackson
Joshua,Duffus,1118,-1,747,-1,,Joshua Duffus
Leigh,Kavanagh,1119,-1,753,-1,,Leigh Kavanagh
Luca,Barrington,1120,-1,755,-1,,Luca Barrington
Samy,Chouchane,1121,-1,843,-1,,Samy Chouchane
Noël,Atom,1122,-1,861,-1,,Noël Atom
Enock,Agyei,1123,-1,156,-1,,Enock Agyei
Ameen,Al-Dakhil,1124,-1,157,-1,11669,Ameen Al-Dakhil
Samuel,Bastien,1125,-1,158,-1,,Samuel Bastien
Manuel Benson,Hedilazio,1126,-1,159,-1,11702,Manuel Benson Hedilazio
Jordan,Beyer,1127,-1,160,-1,6557,Jordan Beyer
Josh,Brownhill,1128,-1,161,-1,8323,Josh Brownhill
Darko,Churlinov,1129,-1,162,-1,,Darko Churlinov
Jack,Cork,1130,-1,163,-1,712,Jack Cork
Dara,Costelloe,1131,-1,164,-1,,Dara Costelloe
Josh,Cullen,1132,-1,165,-1,1018,Josh Cullen
CJ,Egan-Riley,1133,-1,166,-1,,CJ Egan-Riley
Hjalmar,Ekdal,1134,-1,167,-1,11704,Hjalmar Ekdal
Lyle,Foster,1135,-1,168,-1,7498,Lyle Foster
Denis,Franchi,1136,-1,169,-1,,Denis Franchi
Jóhann Berg,Gudmundsson,1137,-1,170,-1,1663,Jóhann Berg Gudmundsson
Luke,McNally,1138,-1,171,-1,,Luke McNally
Michael,Obafemi,1139,-1,174,-1,6504,Michael Obafemi
Bailey,Peacock-Farrell,1140,-1,175,-1,,Bailey Peacock-Farrell
Connor,Roberts,1141,-1,176,-1,5568,Connor Roberts
Jay,Rodriguez,1142,-1,177,-1,844,Jay Rodriguez
Bobby,Thomas,1143,-1,179,-1,,Bobby Thomas
Scott,Twine,1144,-1,180,-1,,Scott Twine
Lawrence,Vigouroux,1145,-1,181,-1,,Lawrence Vigouroux
Victor,da Silva,1146,-1,182,-1,,Victor da Silva
Anass,Zaroury,1147,-1,184,-1,11703,Anass Zaroury
Zeki,Amdouni,1148,-1,594,-1,11701,Zeki Amdouni
James,Trafford,1149,-1,596,-1,9077,James Trafford
Luca,Koleosho,1150,-1,605,-1,10620,Luca Koleosho
Jacob,Bruun Larsen,1151,-1,608,-1,5355,Jacob Bruun Larsen
Owen,Dodgson,1152,-1,622,-1,,Owen Dodgson
Hannes,Delcroix,1153,-1,674,-1,11998,Hannes Delcroix
Aaron,Ramsey,1154,-1,675,-1,9913,Aaron Ramsey
Han-Noah,Massengo,1155,-1,694,-1,7264,Han-Noah Massengo
Mike,Trésor,1156,-1,706,-1,12094,Mike Trésor
Lorenz,Assignon,1157,-1,805,-1,8973,Lorenz Assignon
Maxime,Esteve,1158,-1,806,-1,9487,Maxime Esteve
Abdul Rahman,Baba,1159,-1,190,-1,,Abdul Rahman Baba
Gabriel,Słonina,1160,-1,215,-1,5613,Gabriel Słonina
Mason,Burstow,1161,-1,623,-1,11810,Mason Burstow
Eddie,Beach,1162,-1,680,-1,,Eddie Beach
Diego Manuel Jadon,da Silva Moreira,1163,-1,681,-1,,Diego Manuel Jadon da Silva Moreira
Ronnie,Stutter,1164,-1,717,-1,,Ronnie Stutter
Alex,Matos,1165,-1,718,-1,12086,Alex Matos
Josh,Brooking,1166,-1,723,-1,,Josh Brooking
Leo,Castledine,1167,-1,758,-1,,Leo Castledine
Ollie,Harrison,1168,-1,820,-1,,Ollie Harrison
Jimi,Tauriainen,1169,-1,830,-1,12497,Jimi Tauriainen
Teddy,Sharman-Lowe,1170,-1,847,-1,,Teddy Sharman-Lowe
Kiano,Dyer,1171,-1,852,-1,,Kiano Dyer
Ted,Curd,1172,-1,858,-1,,Ted Curd
Zak,Sturge,1173,-1,859,-1,,Zak Sturge
Ademola,Ola-Adebomi,1175,-1,720,-1,,Ademola Ola-Adebomi
Jadan,Raymond,1176,-1,724,-1,,Jadan Raymond
Roshaun,Mathurin,1177,-1,842,-1,,Roshaun Mathurin
Tyler,Onyango,1179,-1,650,-1,9287,Tyler Onyango
Mackenzie,Hunt,1180,-1,719,-1,,Mackenzie Hunt
Elijah,Campbell,1181,-1,761,-1,,Elijah Campbell
Billy,Crellin,1182,-1,863,-1,,Billy Crellin
Luc,De Fougerolles,1183,-1,625,-1,,Luc De Fougerolles
Fodé,Ballo-Touré,1184,-1,707,-1,,Fodé Ballo-Touré
Devan,Tanton,1185,-1,732,-1,,Devan Tanton
Joshua,King,1186,-1,810,-1,12410,Joshua King
Callum,Scanlon,1188,-1,728,-1,,Callum Scanlon
Marcelo,de Araújo Pitaluga Filho,1189,-1,756,-1,,Marcelo de Araújo Pitaluga Filho
Owen,Beck,1190,-1,782,-1,10119,Owen Beck
Kaide,Gordon,1191,-1,783,-1,10118,Kaide Gordon
Lewis,Koumas,1192,-1,812,-1,,Lewis Koumas
Fabian,Mrozek,1193,-1,813,-1,,Fabian Mrozek
Elijah,Adebayo,1194,-1,314,-1,11718,Elijah Adebayo
Mads Juel,Andersen,1195,-1,315,-1,11715,Mads Juel Andersen
Amari'i,Bell,1196,-1,316,-1,11713,Amari'i Bell
Luke,Berry,1197,-1,317,-1,11722,Luke Berry
Reece,Burke,1198,-1,318,-1,1771,Reece Burke
Allan,Campbell,1199,-1,319,-1,,Allan Campbell
Jordan,Clark,1200,-1,320,-1,12187,Jordan Clark
Alfie,Doughty,1201,-1,321,-1,11723,Alfie Doughty
Luke,Freeman,1202,-1,322,-1,,Luke Freeman
Matt,Macey,1203,-1,323,-1,,Matt Macey
John,McAtee,1204,-1,324,-1,,John McAtee
Carlos,Mendes Gomes,1205,-1,325,-1,,Carlos Mendes Gomes
Carlton,Morris,1206,-1,326,-1,11717,Carlton Morris
Admiral,Muskwe,1207,-1,327,-1,,Admiral Muskwe
Fred,Onyedinma,1208,-1,329,-1,12549,Fred Onyedinma
Gabriel,Osho,1209,-1,330,-1,12151,Gabriel Osho
Aribim,Pepple,1210,-1,331,-1,,Aribim Pepple
Dion,Pereira,1211,-1,332,-1,,Dion Pereira
Dan,Potts,1212,-1,333,-1,,Dan Potts
Glen,Rea,1213,-1,334,-1,,Glen Rea
James,Shea,1214,-1,335,-1,11724,James Shea
Joe,Taylor,1215,-1,336,-1,,Joe Taylor
Elliot,Thorpe,1216,-1,337,-1,,Elliot Thorpe
Jack,Walton,1217,-1,338,-1,,Jack Walton
Louie,Watson,1218,-1,339,-1,,Louie Watson
Cauley,Woodrow,1219,-1,340,-1,11721,Cauley Woodrow
Teden,Mengi,1220,-1,393,-1,12073,Teden Mengi
Ryan,Giles,1221,-1,553,-1,7277,Ryan Giles
Tom,Lockyer,1222,-1,575,-1,11714,Tom Lockyer
Pelly Ruddock,Mpanzu,1223,-1,582,-1,11716,Pelly Ruddock Mpanzu
Tahith,Chong,1224,-1,586,-1,7439,Tahith Chong
Thomas,Kaminski,1225,-1,614,-1,11712,Thomas Kaminski
Jacob,Brown,1226,-1,631,-1,11720,Jacob Brown
Aidan,Francis-Clarke,1227,-1,648,-1,,Aidan Francis-Clarke
Tim,Krul,1228,-1,665,-1,,Tim Krul
Joseph,Johnson,1229,-1,682,-1,11980,Joseph Johnson
Jayden,Luker,1230,-1,729,-1,,Jayden Luker
Zack,Nelson,1231,-1,734,-1,12188,Zack Nelson
Daiki,Hashioka,1232,-1,798,-1,12509,Daiki Hashioka
Axel,Piesold,1233,-1,831,-1,,Axel Piesold
Dominic,Dos Santos Martins,1234,-1,839,-1,,Dominic Dos Santos Martins
Christian,Chigozie,1235,-1,844,-1,,Christian Chigozie
Taylan,Harris,1236,-1,848,-1,,Taylan Harris
Mahamadou,Susoho,1237,-1,762,-1,,Mahamadou Susoho
Micah,Hamilton,1238,-1,771,-1,,Micah Hamilton
Álvaro,Fernández Carreras,1239,-1,380,-1,,Álvaro Fernández Carreras
Omari,Forson,1240,-1,632,-1,12340,Omari Forson
Radek,Vítek,1241,-1,669,-1,,Radek Vítek
Daniel,Gore,1242,-1,685,-1,11987,Daniel Gore
Sofyan,Amrabat,1243,-1,709,-1,7927,Sofyan Amrabat
Joe,Hugill,1244,-1,748,-1,,Joe Hugill
Willy,Kambwala,1245,-1,766,-1,12275,Willy Kambwala
Habeeb,Ogunneye,1246,-1,833,-1,,Habeeb Ogunneye
Dermot,Mee,1247,-1,835,-1,,Dermot Mee
Louis,Jackson,1248,-1,856,-1,,Louis Jackson
Kell,Watts,1249,-1,431,-1,,Kell Watts
Amadou,Diallo,1250,-1,738,-1,12200,Amadou Diallo
Ben,Parkinson,1251,-1,739,-1,12198,Ben Parkinson
Michael,Ndiweni,1252,-1,745,-1,12215,Michael Ndiweni
Travis,Hernes,1253,-1,795,-1,,Travis Hernes
Brandon,Aguilera Zamora,1254,-1,434,-1,12034,Brandon Aguilera Zamora
Ethan,Horvath,1255,-1,449,-1,,Ethan Horvath
Josh,Powell,1257,-1,637,-1,,Josh Powell
Gonzalo,Montiel,1258,-1,679,-1,9897,Gonzalo Montiel
Divock,Origi,1259,-1,714,-1,484,Divock Origi
Jamie,McDonnell,1260,-1,779,-1,,Jamie McDonnell
Detlef Esapa,Osong,1261,-1,780,-1,,Detlef Esapa Osong
Joe,Gardner,1262,-1,781,-1,,Joe Gardner
Giovanni,Reyna,1263,-1,801,-1,8191,Giovanni Reyna
Rodrigo,Duarte Ribeiro,1264,-1,809,-1,,Rodrigo Duarte Ribeiro
Auston,Trusty,1265,-1,27,-1,11732,Auston Trusty
Anel,Ahmedhodžić,1266,-1,471,-1,10386,Anel Ahmedhodžić
Jordan,Amissah,1267,-1,472,-1,,Jordan Amissah
George,Baldock,1268,-1,473,-1,7706,George Baldock
Chris,Basham,1269,-1,474,-1,7704,Chris Basham
Jayden,Bogle,1270,-1,476,-1,9205,Jayden Bogle
Rhian,Brewster,1271,-1,477,-1,5569,Rhian Brewster
Ismaila,Coulibaly,1272,-1,478,-1,,Ismaila Coulibaly
Adam,Davies,1273,-1,479,-1,,Adam Davies
John,Egan,1274,-1,480,-1,7703,John Egan
John,Fleck,1275,-1,481,-1,7709,John Fleck
Max,Lowe,1276,-1,484,-1,8918,Max Lowe
Oliver,McBurnie,1277,-1,485,-1,1736,Oliver McBurnie
Rhys,Norrington-Davies,1278,-1,487,-1,12291,Rhys Norrington-Davies
Oliver,Norwood,1279,-1,488,-1,7710,Oliver Norwood
Ben,Osborn,1280,-1,489,-1,7714,Ben Osborn
Jack,Robinson,1281,-1,576,-1,8286,Jack Robinson
Anis,Slimane,1282,-1,587,-1,11730,Anis Slimane
Yasser,Larouci,1283,-1,592,-1,10041,Yasser Larouci
Bénie,Traoré,1284,-1,593,-1,11729,Bénie Traoré
Vini,de Souza Costa,1285,-1,638,-1,10872,Vini de Souza Costa
Femi,Seriki,1286,-1,653,-1,,Femi Seriki
Louie,Marsh,1287,-1,654,-1,,Louie Marsh
Andre,Brooks,1288,-1,655,-1,11731,Andre Brooks
Antwoine,Hackford,1289,-1,656,-1,9222,Antwoine Hackford
Gustavo,Hamer,1290,-1,663,-1,11839,Gustavo Hamer
Ryan,Oné,1291,-1,730,-1,12158,Ryan Oné
Jili,Buyabu,1292,-1,731,-1,,Jili Buyabu
Sydie,Peck,1293,-1,759,-1,12251,Sydie Peck
Ivo,Grbic,1295,-1,790,-1,8923,Ivo Grbic
Billy,Blacker,1296,-1,822,-1,,Billy Blacker
Oliver,Arblaster,1297,-1,823,-1,12449,Oliver Arblaster
Dovydas,Sasnauskas,1298,-1,827,-1,,Dovydas Sasnauskas
Sam,Curtis,1299,-1,828,-1,12465,Sam Curtis
Owen,Hampson,1300,-1,857,-1,,Owen Hampson
Tanguy,Ndombélé Alvaro,1301,-1,505,-1,,Tanguy Ndombélé Alvaro
Jamie,Donley,1302,-1,722,-1,12118,Jamie Donley
Tyrese,Hall,1304,-1,862,-1,,Tyrese Hall
Nikola,Vlašić,1305,-1,543,-1,,Nikola Vlašić
Callum,Marshall,1307,-1,785,-1,,Callum Marshall
Bendegúz,Bolla,1308,-1,547,-1,,Bendegúz Bolla
Bruno,Cavaco Jordão,1309,-1,561,-1,,Bruno Cavaco Jordão
Matthew,Whittingham,1310,-1,749,-1,,Matthew Whittingham
Justin,Hubner,1311,-1,751,-1,,Justin Hubner
Owen,Hesketh,1312,-1,769,-1,,Owen Hesketh
Ty,Barnett,1313,-1,770,-1,,Ty Barnett
Noha,Lemina,1314,-1,800,-1,,Noha Lemina
Wesley,Okoduwa,1315,-1,832,-1,,Wesley Okoduwa
Fletcher,Holman,1316,-1,840,-1,,Fletcher Holman
Temple,Ojinnaka,1317,-1,853,-1,,Temple Ojinnaka
